fotmob_player_id,player_name,competition_name,season_name,heatmap_key,reason
1966055,Andrej Ilić,Bundesliga,2025/2026,1966055:35:77333,snapshot_missing
1655748,Vinícius Souza,Bundesliga,2025/2026,1655748:35:77333,snapshot_missing
1320176,Wesley,LaLiga,2025/2026,1320176:8:77559,snapshot_missing
1650431,Ally Samatta,Ligue 1,2025/2026,1650431:34:77356,snapshot_missing
1585393,Raúl Jiménez,Premier League,2025/2026,1585393:17:76986,snapshot_missing
1285599,Giovane,Serie A,2025/2026,1285599:23:76457,snapshot_missing
41171,Marcus Pedersen,Serie A,2025/2026,41171:23:76457,snapshot_missing
741397,Jens Petter Hauge,UEFA Champions League,2025/2026,741397:7:76953,snapshot_missing
530635,Patrick Berg,UEFA Champions League,2025/2026,530635:7:76953,snapshot_missing
1358378,Lorenzo Scipioni,UEFA Champions League,2025/2026,1358378:7:76953,snapshot_missing
615292,Andreas Helmersen,UEFA Champions League,2025/2026,615292:7:76953,snapshot_missing
1179483,Jug Stanojev,UEFA Champions League,2025/2026,1179483:7:76953,snapshot_missing
1359647,Daniel Bassi,UEFA Champions League,2025/2026,1359647:7:76953,snapshot_missing
310763,Ulrik Saltnes,UEFA Champions League,2025/2026,310763:7:76953,snapshot_missing
1160076,Sondre Auklend,UEFA Champions League,2025/2026,1160076:7:76953,snapshot_missing
1681812,Youssoupha Sanyang,UEFA Champions League,2025/2026,1681812:7:76953,snapshot_missing
1684584,Dastan Satpaev,UEFA Champions League,2025/2026,1684584:7:76953,snapshot_missing
1082058,Kevin Rodriguez,UEFA Champions League,2025/2026,1082058:7:76953,snapshot_missing
1580774,Estêvão,UEFA Champions League,2025/2026,1580774:7:76953,snapshot_missing
1089731,Pedro Gonçalves,UEFA Champions League,2025/2026,1089731:7:76953,snapshot_missing
1607566,Franco Mastantuono,UEFA Champions League,2025/2026,1607566:7:76953,snapshot_missing
632870,Håkon Evjen,UEFA Champions League,2025/2026,632870:7:76953,snapshot_missing
626164,Ezequiel Fernández,Bundesliga,2025/2026,626164:35:77333,snapshot_missing
626164,Ezequiel Fernández,UEFA Champions League,2025/2026,626164:7:76953,snapshot_missing
850356,Pêpê,UEFA Champions League,2025/2026,850356:7:76953,snapshot_missing
1721789,Allan,Premier League,2021/2022,1721789:17:37036,snapshot_missing
1089731,Pedro Gonçalves,UEFA Champions League,2021/2022,1089731:7:36886,snapshot_missing
1636513,Souza,UEFA Champions League,2021/2022,1636513:7:36886,snapshot_missing
1483508,Kauã Elias,UEFA Europa Conference League,2025/2026,1483508:17015:76960,snapshot_missing
860756,Franko Kovačević,UEFA Europa Conference League,2025/2026,860756:17015:76960,snapshot_missing
301367,Graham Burke,UEFA Europa Conference League,2025/2026,301367:17015:76960,snapshot_missing
1694887,Luca Meirelles,UEFA Europa Conference League,2025/2026,1694887:17015:76960,snapshot_missing
243433,Piotr Parzyszek,UEFA Europa Conference League,2025/2026,243433:17015:76960,snapshot_missing
937444,Mario Ćuže,UEFA Europa Conference League,2025/2026,937444:17015:76960,snapshot_missing
187593,Rory Gaffney,UEFA Europa Conference League,2025/2026,187593:17015:76960,snapshot_missing
1307326,Yannick Agnero,UEFA Europa Conference League,2025/2026,1307326:17015:76960,snapshot_missing
88999,Mikkel Rygaard,UEFA Europa Conference League,2025/2026,88999:17015:76960,snapshot_missing
641044,Dylan Watts,UEFA Europa Conference League,2025/2026,641044:17015:76960,snapshot_missing
737084,Samuel Leach Holm,UEFA Europa Conference League,2025/2026,737084:17015:76960,snapshot_missing
91935,Kristinn Steindorsson,UEFA Europa Conference League,2025/2026,91935:17015:76960,snapshot_missing
1383478,Niilo Kujasalo,UEFA Europa Conference League,2025/2026,1383478:17015:76960,snapshot_missing
1425101,Silas Andersen,UEFA Europa Conference League,2025/2026,1425101:17015:76960,snapshot_missing
1260156,Valentín Gasc,UEFA Europa Conference League,2025/2026,1260156:17015:76960,snapshot_missing
791835,Jonathan Lunney,UEFA Europa Conference League,2025/2026,791835:17015:76960,snapshot_missing
438572,Simon Gustafson,UEFA Europa Conference League,2025/2026,438572:17015:76960,snapshot_missing
1485532,Adrian Svanback,UEFA Europa Conference League,2025/2026,1485532:17015:76960,snapshot_missing
1716409,Victor Ozhianvuna,UEFA Europa Conference League,2025/2026,1716409:17015:76960,snapshot_missing
261659,Höskuldur Gunnlaugsson,UEFA Europa Conference League,2025/2026,261659:17015:76960,snapshot_missing
1521239,Hélder Ferreira,UEFA Europa Conference League,2025/2026,1521239:17015:76960,snapshot_missing
932181,Daniel Grant,UEFA Europa Conference League,2025/2026,932181:17015:76960,snapshot_missing
1347994,Otto Ruoppi,UEFA Europa Conference League,2025/2026,1347994:17015:76960,snapshot_missing
1297852,Joslyn Luyeye-Lutumba,UEFA Europa Conference League,2025/2026,1297852:17015:76960,snapshot_missing
414245,Federico Bernardeschi,UEFA Europa League,2025/2026,414245:679:76984,snapshot_missing
46469,Olivier Giroud,UEFA Europa League,2025/2026,46469:679:76984,snapshot_missing
1328484,Gabriel Martínez,UEFA Europa League,2025/2026,1328484:679:76984,snapshot_missing
945841,Emil Kornvig,UEFA Europa League,2025/2026,945841:679:76984,snapshot_missing
1280328,Vicente Taborda,UEFA Europa League,2025/2026,1280328:679:76984,snapshot_missing
1338846,Sota Kitano,UEFA Europa League,2025/2026,1338846:679:76984,snapshot_missing
1390339,Kenan Busuladžić,UEFA Europa League,2025/2026,1390339:679:76984,snapshot_missing
1837419,Theodor Lundbergh,UEFA Europa League,2025/2026,1837419:679:76984,snapshot_missing
1317611,Otto Rosengren,UEFA Europa League,2025/2026,1317611:679:76984,snapshot_missing
1228408,Jusef Erabi,UEFA Europa League,2025/2026,1228408:679:76984,snapshot_missing
1135782,Taha Abdi Ali,UEFA Europa League,2025/2026,1135782:679:76984,snapshot_missing
861811,Júnior Brumado,UEFA Europa League,2025/2026,861811:679:76984,snapshot_missing
921919,Sebastian Tounekti,UEFA Europa League,2025/2026,921919:679:76984,snapshot_missing
738046,Jacob Lungi Sørensen,UEFA Europa League,2025/2026,738046:679:76984,snapshot_missing
1320176,Wesley,UEFA Europa League,2025/2026,1320176:679:76984,snapshot_missing
1035206,Lasse Berg Johnsen,UEFA Europa League,2025/2026,1035206:679:76984,snapshot_missing
1089731,Pedro Gonçalves,UEFA Champions League,2024/2025,1089731:7:61644,snapshot_missing
628820,Daniel Stensson,UEFA Europa Conference League,2024/2025,628820:17015:61648,snapshot_missing
962795,Emil Breivik,UEFA Europa Conference League,2024/2025,962795:17015:61648,snapshot_missing
277793,Tokmac Chol Nguen,UEFA Europa Conference League,2024/2025,277793:17015:61648,snapshot_missing
1312274,Armandas Kučys,UEFA Europa Conference League,2024/2025,1312274:17015:61648,snapshot_missing
1239600,Johnny Kenny,UEFA Europa Conference League,2024/2025,1239600:17015:61648,snapshot_missing
1166548,Frederik Ihler,UEFA Europa Conference League,2024/2025,1166548:17015:61648,snapshot_missing
1044460,Ari Sigurpálsson,UEFA Europa Conference League,2024/2025,1044460:17015:61648,snapshot_missing
837066,Ola Brynhildsen,UEFA Europa Conference League,2024/2025,837066:17015:61648,snapshot_missing
909448,Charalampos Charalampous,UEFA Europa Conference League,2024/2025,909448:17015:61648,snapshot_missing
1311533,August Priske,UEFA Europa Conference League,2024/2025,1311533:17015:61648,snapshot_missing
185389,Magnus Wolff Eikrem,UEFA Europa Conference League,2024/2025,185389:17015:61648,snapshot_missing
619365,Besard Sabović,UEFA Europa Conference League,2024/2025,619365:17015:61648,snapshot_missing
301367,Graham Burke,UEFA Europa Conference League,2024/2025,301367:17015:61648,snapshot_missing
363351,Lee Erwin,UEFA Europa Conference League,2024/2025,363351:17015:61648,snapshot_missing
1521239,Hélder Ferreira,UEFA Europa Conference League,2024/2025,1521239:17015:61648,snapshot_missing
558136,Karol Świderski,UEFA Europa Conference League,2024/2025,558136:17015:61648,snapshot_missing
641044,Dylan Watts,UEFA Europa Conference League,2024/2025,641044:17015:61648,snapshot_missing
1705611,Edmilson,UEFA Europa Conference League,2024/2025,1705611:17015:61648,snapshot_missing
1000834,Oskar Fallenius,UEFA Europa Conference League,2024/2025,1000834:17015:61648,snapshot_missing
614163,Deniz Hümmet,UEFA Europa Conference League,2024/2025,614163:17015:61648,snapshot_missing
850356,Pêpê,UEFA Europa Conference League,2024/2025,850356:17015:61648,snapshot_missing
1383059,Gisli Thordarson,UEFA Europa Conference League,2024/2025,1383059:17015:61648,snapshot_missing
1227813,Atsuki Ito,UEFA Europa Conference League,2024/2025,1227813:17015:61648,snapshot_missing
1068590,Joshua Honohan,UEFA Europa Conference League,2024/2025,1068590:17015:61648,snapshot_missing
1185549,Mads Enggård,UEFA Europa Conference League,2024/2025,1185549:17015:61648,snapshot_missing
863652,Neil Farrugia,UEFA Europa Conference League,2024/2025,863652:17015:61648,snapshot_missing
530635,Patrick Berg,UEFA Europa League,2024/2025,530635:679:61645,snapshot_missing
848573,Ousseynou Niang,UEFA Europa League,2024/2025,848573:679:61645,snapshot_missing
632870,Håkon Evjen,UEFA Europa League,2024/2025,632870:679:61645,snapshot_missing
741397,Jens Petter Hauge,UEFA Europa League,2024/2025,741397:679:61645,snapshot_missing
741561,Erik Botheim,UEFA Europa League,2024/2025,741561:679:61645,snapshot_missing
310763,Ulrik Saltnes,UEFA Europa League,2024/2025,310763:679:61645,snapshot_missing
463803,Jānis Ikaunieks,UEFA Europa League,2024/2025,463803:679:61645,snapshot_missing
1459656,Erick Marcus,UEFA Europa League,2024/2025,1459656:679:61645,snapshot_missing
449279,Philip Zinckernagel,UEFA Europa League,2024/2025,449279:679:61645,snapshot_missing
856684,Michael Baidoo,UEFA Europa League,2024/2025,856684:679:61645,snapshot_missing
1252132,Promise David,UEFA Europa League,2024/2025,1252132:679:61645,snapshot_missing
955271,Thiago Almada,UEFA Europa League,2024/2025,955271:679:61645,snapshot_missing
427223,Sergio Peña,UEFA Europa League,2024/2025,427223:679:61645,snapshot_missing
1351569,Hugo Bolin,UEFA Europa League,2024/2025,1351569:679:61645,snapshot_missing
1035206,Lasse Berg Johnsen,UEFA Europa League,2024/2025,1035206:679:61645,snapshot_missing
200189,Oliver Berg,UEFA Europa League,2024/2025,200189:679:61645,snapshot_missing
1062357,Adam Markhiev,UEFA Europa League,2024/2025,1062357:679:61645,snapshot_missing
1386775,Lucas Bergvall,UEFA Europa League,2024/2025,1386775:679:61645,snapshot_missing
1419540,Lasha Odisharia,UEFA Europa League,2024/2025,1419540:679:61645,snapshot_missing
635789,Darko Lemajić,UEFA Europa League,2024/2025,635789:679:61645,snapshot_missing
702428,Stefan Panić,UEFA Europa League,2024/2025,702428:679:61645,snapshot_missing
127209,Anders Christiansen,UEFA Europa League,2024/2025,127209:679:61645,snapshot_missing
615292,Andreas Helmersen,UEFA Europa League,2024/2025,615292:679:61645,snapshot_missing
1655748,Vinícius Souza,Premier League,2023/2024,1655748:17:52186,snapshot_missing
530635,Patrick Berg,UEFA Europa Conference League,2023/2024,530635:17015:52327,snapshot_missing
1131349,Santiago Hezze,UEFA Europa Conference League,2023/2024,1131349:17015:52327,snapshot_missing
837064,Hugo Vetlesen,UEFA Europa Conference League,2023/2024,837064:17015:52327,snapshot_missing
120432,Fredrik Gulbrandsen,UEFA Europa Conference League,2023/2024,120432:17015:52327,snapshot_missing
1133381,Albert Grønbæk,UEFA Europa Conference League,2023/2024,1133381:17015:52327,snapshot_missing
313121,Amahl Pellegrino,UEFA Europa Conference League,2023/2024,313121:17015:52327,snapshot_missing
952325,Faris Moumbagna,UEFA Europa Conference League,2023/2024,952325:17015:52327,snapshot_missing
907046,Bojan Radulović,UEFA Europa Conference League,2023/2024,907046:17015:52327,snapshot_missing
1350129,Rwan Cruz,UEFA Europa Conference League,2023/2024,1350129:17015:52327,snapshot_missing
495418,Árni Frederiksberg,UEFA Europa Conference League,2023/2024,495418:17015:52327,snapshot_missing
574868,Lucas Lingman,UEFA Europa Conference League,2023/2024,574868:17015:52327,snapshot_missing
310763,Ulrik Saltnes,UEFA Europa Conference League,2023/2024,310763:17015:52327,snapshot_missing
1034990,Takuro Kaneko,UEFA Europa Conference League,2023/2024,1034990:17015:52327,snapshot_missing
39487,Përparim Hetemaj,UEFA Europa Conference League,2023/2024,39487:17015:52327,snapshot_missing
261659,Höskuldur Gunnlaugsson,UEFA Europa Conference League,2023/2024,261659:17015:52327,snapshot_missing
1116903,Dembo Darboe,UEFA Europa Conference League,2023/2024,1116903:17015:52327,snapshot_missing
1261804,Topi Keskinen,UEFA Europa Conference League,2023/2024,1261804:17015:52327,snapshot_missing
91935,Kristinn Steindorsson,UEFA Europa Conference League,2023/2024,91935:17015:52327,snapshot_missing
1066269,Elkhan Astanov,UEFA Europa Conference League,2023/2024,1066269:17015:52327,snapshot_missing
495234,Abzal Beysebekov,UEFA Europa Conference League,2023/2024,495234:17015:52327,snapshot_missing
1065615,Nino Žugelj,UEFA Europa Conference League,2023/2024,1065615:17015:52327,snapshot_missing
635942,Gísli Eyjólfsson,UEFA Europa Conference League,2023/2024,635942:17015:52327,snapshot_missing
1089731,Pedro Gonçalves,UEFA Europa League,2023/2024,1089731:679:53654,snapshot_missing
185389,Magnus Wolff Eikrem,UEFA Europa League,2023/2024,185389:679:53654,snapshot_missing
88999,Mikkel Rygaard,UEFA Europa League,2023/2024,88999:679:53654,snapshot_missing
952325,Faris Moumbagna,UEFA Europa League,2023/2024,952325:679:53654,snapshot_missing
848296,Edward Chilufya,UEFA Europa League,2023/2024,848296:679:53654,snapshot_missing
469806,Amor Layouni,UEFA Europa League,2023/2024,469806:679:53654,snapshot_missing
1389450,Eguinaldo,UEFA Europa League,2023/2024,1389450:679:53654,snapshot_missing
1174663,Marcos Leonardo,UEFA Europa League,2023/2024,1174663:679:53654,snapshot_missing
1650431,Ally Samatta,UEFA Europa League,2021/2022,1650431:679:37725,snapshot_missing
826089,Kyogo Furuhashi,UEFA Europa League,2021/2022,826089:679:37725,snapshot_missing
845763,André Castro,UEFA Europa League,2021/2022,845763:679:37725,snapshot_missing
917779,Ola Solbakken,UEFA Europa Conference League,2021/2022,917779:17015:37074,snapshot_missing
313121,Amahl Pellegrino,UEFA Europa Conference League,2021/2022,313121:17015:37074,snapshot_missing
310763,Ulrik Saltnes,UEFA Europa Conference League,2021/2022,310763:17015:37074,snapshot_missing
741561,Erik Botheim,UEFA Europa Conference League,2021/2022,741561:17015:37074,snapshot_missing
431841,Rauno Sappinen,UEFA Europa Conference League,2021/2022,431841:17015:37074,snapshot_missing
573663,José Kanté,UEFA Europa Conference League,2021/2022,573663:17015:37074,snapshot_missing
837064,Hugo Vetlesen,UEFA Europa Conference League,2021/2022,837064:17015:37074,snapshot_missing
166717,Denis Popovič,UEFA Europa Conference League,2021/2022,166717:17015:37074,snapshot_missing
1000428,Ísak Bergmann Jóhannesson,UEFA Europa Conference League,2021/2022,1000428:17015:37074,snapshot_missing
574868,Lucas Lingman,UEFA Europa Conference League,2021/2022,574868:17015:37074,snapshot_missing
16511,Konstantin Vassiljev,UEFA Europa Conference League,2021/2022,16511:17015:37074,snapshot_missing
66753,Riku Riski,UEFA Europa Conference League,2021/2022,66753:17015:37074,snapshot_missing
580604,Gerson,UEFA Europa Conference League,2021/2022,580604:17015:37074,snapshot_missing
643663,Ibrahima Wadji,UEFA Europa Conference League,2021/2022,643663:17015:37074,snapshot_missing
77872,Sergei Zenjov,UEFA Europa Conference League,2021/2022,77872:17015:37074,snapshot_missing
201939,Cédric Bakambu,UEFA Europa Conference League,2021/2022,201939:17015:37074,snapshot_missing
530635,Patrick Berg,UEFA Europa Conference League,2021/2022,530635:17015:37074,snapshot_missing
841927,Markus Poom,UEFA Europa Conference League,2021/2022,841927:17015:37074,snapshot_missing
187294,Filip Valenčič,UEFA Europa Conference League,2021/2022,187294:17015:37074,snapshot_missing
212896,Henrik Ojamaa,UEFA Europa Conference League,2021/2022,212896:17015:37074,snapshot_missing
783581,Martin Miller,UEFA Europa Conference League,2021/2022,783581:17015:37074,snapshot_missing
1042020,Gulzhigit Alykulov,UEFA Europa Conference League,2021/2022,1042020:17015:37074,snapshot_missing
2130462,Pape Diop,Ligue 1,2025/2026,2130462:34:77356,snapshot_missing
1082102,Igor Jesus,UEFA Europa League,2025/2026,1082102:679:76984,snapshot_missing
1655748,Vinícius Souza,LaLiga,2022/2023,1655748:8:42409,snapshot_missing
974753,Julián Alvarez,UEFA Champions League,2022/2023,974753:7:41897,snapshot_missing
900433,Khvicha Kvaratskhelia,UEFA Champions League,2022/2023,900433:7:41897,snapshot_missing
1089731,Pedro Gonçalves,UEFA Champions League,2022/2023,1089731:7:41897,snapshot_missing
1035208,Victor Okoh Boniface,UEFA Europa League,2022/2023,1035208:679:44509,snapshot_missing
1061249,Vitinha,UEFA Europa League,2022/2023,1061249:679:44509,snapshot_missing
1089731,Pedro Gonçalves,UEFA Europa League,2022/2023,1089731:679:44509,snapshot_missing
1176214,Luiz Henrique,UEFA Europa League,2022/2023,1176214:679:44509,snapshot_missing
631369,Santeri Hostikka,UEFA Europa League,2022/2023,631369:679:44509,snapshot_missing
837064,Hugo Vetlesen,UEFA Europa League,2022/2023,837064:679:44509,snapshot_missing
530635,Patrick Berg,UEFA Europa League,2022/2023,530635:679:44509,snapshot_missing
1368557,Gift Orban,UEFA Europa Conference League,2022/2023,1368557:17015:42224,snapshot_missing
837066,Ola Brynhildsen,UEFA Europa Conference League,2022/2023,837066:17015:42224,snapshot_missing
200267,Gustav Wikheim,UEFA Europa Conference League,2022/2023,200267:17015:42224,snapshot_missing
748381,Joel Asoro,UEFA Europa Conference League,2022/2023,748381:17015:42224,snapshot_missing
848295,Emmanuel Banda,UEFA Europa Conference League,2022/2023,848295:17015:42224,snapshot_missing
1185309,Malik Abubakari,UEFA Europa Conference League,2022/2023,1185309:17015:42224,snapshot_missing
962795,Emil Breivik,UEFA Europa Conference League,2022/2023,962795:17015:42224,snapshot_missing
664731,Fabien Ourega,UEFA Europa Conference League,2022/2023,664731:17015:42224,snapshot_missing
1207581,David Datro Fofana,UEFA Europa Conference League,2022/2023,1207581:17015:42224,snapshot_missing
49289,Haris Radetinac,UEFA Europa Conference League,2022/2023,49289:17015:42224,snapshot_missing
679352,Francis Kyeremeh,UEFA Europa Conference League,2022/2023,679352:17015:42224,snapshot_missing
504033,Milan Gajić,UEFA Europa Conference League,2022/2023,504033:17015:42224,snapshot_missing
185389,Magnus Wolff Eikrem,UEFA Europa Conference League,2022/2023,185389:17015:42224,snapshot_missing
1168520,Mayckel Lahdo,UEFA Europa Conference League,2022/2023,1168520:17015:42224,snapshot_missing
916335,Hampus Finndell,UEFA Europa Conference League,2022/2023,916335:17015:42224,snapshot_missing
118142,Rasmus Schüller,UEFA Europa Conference League,2022/2023,118142:17015:42224,snapshot_missing
570772,Sean Kavanagh,UEFA Europa Conference League,2022/2023,570772:17015:42224,snapshot_missing
658222,Victor Edvardsen,UEFA Europa Conference League,2022/2023,658222:17015:42224,snapshot_missing
1369689,Justin Ferizaj,UEFA Europa Conference League,2022/2023,1369689:17015:42224,snapshot_missing
547710,Adama Traoré,Premier League,2022/2023,547710:17:41886,snapshot_missing
1061249,Vitinha,Serie A,2024/2025,1061249:23:63515,snapshot_missing
315032,Simon Hedlund,UEFA Europa League,2024/2025,315032:679:61645,snapshot_missing
41171,Marcus Pedersen,Eredivisie,2021/2022,41171:37:36890,snapshot_missing
1089731,Pedro Gonçalves,Primeira Liga,2021/2022,1089731:238:37358,snapshot_missing
388523,André Silva,Primeira Liga,2021/2022,388523:238:37358,snapshot_missing
648362,Felipe Pires,Primeira Liga,2021/2022,648362:238:37358,snapshot_missing
1521239,Hélder Ferreira,Primeira Liga,2021/2022,1521239:238:37358,snapshot_missing
41171,Marcus Pedersen,Eredivisie,2022/2023,41171:37:42256,snapshot_missing
1089731,Pedro Gonçalves,Primeira Liga,2022/2023,1089731:238:42655,snapshot_missing
388523,André Silva,Primeira Liga,2022/2023,388523:238:42655,snapshot_missing
1089731,Pedro Gonçalves,Primeira Liga,2023/2024,1089731:238:52769,snapshot_missing
388523,André Silva,Primeira Liga,2023/2024,388523:238:52769,snapshot_missing
118237,Vinícius Lopes,Primeira Liga,2024/2025,118237:238:63670,snapshot_missing
1089731,Pedro Gonçalves,Primeira Liga,2024/2025,1089731:238:63670,snapshot_missing
1693593,Pablo Felipe,Primeira Liga,2024/2025,1693593:238:63670,snapshot_missing
174531,Dudu,Primeira Liga,2024/2025,174531:238:63670,snapshot_missing
1328484,Gabriel Martínez,Primeira Liga,2024/2025,1328484:238:63670,snapshot_missing
165262,Joel Silva,Primeira Liga,2024/2025,165262:238:63670,snapshot_missing
1089731,Pedro Gonçalves,Primeira Liga,2025/2026,1089731:238:77806,snapshot_missing
1693593,Pablo Felipe,Primeira Liga,2025/2026,1693593:238:77806,snapshot_missing
118237,Vinícius Lopes,Primeira Liga,2025/2026,118237:238:77806,snapshot_missing
1708430,José Tavares,Primeira Liga,2025/2026,1708430:238:77806,snapshot_missing
165262,Joel Silva,Primeira Liga,2025/2026,165262:238:77806,snapshot_missing
1328484,Gabriel Martínez,Primeira Liga,2025/2026,1328484:238:77806,snapshot_missing
521912,Nenê,Primeira Liga,2025/2026,521912:238:77806,snapshot_missing
1127007,Chiquinho,UEFA Champions League,2025/2026,1127007:7:76953,snapshot_missing
1174630,Richard Ríos,UEFA Champions League,2025/2026,1174630:7:76953,snapshot_missing
974755,Lucas Beltrán,UEFA Europa Conference League,2023/2024,974755:17015:52327,snapshot_missing
1655748,Vinícius Souza,Belgian Pro League,2021/2022,1655748:38:36894,invalid_player_mapping
1650431,Ally Samatta,Belgian Pro League,2021/2022,1650431:38:36894,source_history_unavailable
967065,Habib Gueye,Belgian Pro League,2021/2022,967065:38:36894,source_history_unavailable
1650431,Ally Samatta,Belgian Pro League,2022/2023,1650431:38:42404,source_history_unavailable
967065,Habib Gueye,Belgian Pro League,2022/2023,967065:38:42404,source_history_unavailable
